{
  "reg": {
    "RandomForest": {
      "mae": 2.647698519347499,
      "rmse": 3.6026722402601945,
      "r2": 0.9755763224980016,
      "mape": 6.344167899838451
    },
    "XGBoost": {
      "mae": 3.073747461081962,
      "rmse": 4.504053622700395,
      "r2": 0.9618259133393117,
      "mape": 6.939473874615211
    },
    "LightGBM": {
      "mae": 2.8656355899975687,
      "rmse": 3.9932228299991497,
      "r2": 0.9699939629492682,
      "mape": 6.548745004911242
    },
    "Ensemble": {
      "mae": 2.7732102463451027,
      "rmse": 3.8607680355431673,
      "r2": 0.9719515434269372,
      "mape": 6.399276251535946
    }
  },
  "cls": {
    "RandomForest": {
      "accuracy": 0.8841099163679809,
      "precision": 0.8824331126524053,
      "recall": 0.8841099163679809,
      "f1": 0.8826922632751563,
      "confusion": [
        [
          98,
          20,
          0,
          5,
          0
        ],
        [
          9,
          155,
          30,
          0,
          0
        ],
        [
          0,
          10,
          349,
          0,
          0
        ],
        [
          10,
          0,
          0,
          87,
          7
        ],
        [
          0,
          0,
          0,
          6,
          51
        ]
      ]
    },
    "XGBoost": {
      "accuracy": 0.8566308243727598,
      "precision": 0.8536304126592109,
      "recall": 0.8566308243727598,
      "f1": 0.8539824175371871,
      "confusion": [
        [
          91,
          22,
          0,
          9,
          1
        ],
        [
          10,
          146,
          38,
          0,
          0
        ],
        [
          0,
          9,
          350,
          0,
          0
        ],
        [
          16,
          0,
          0,
          81,
          7
        ],
        [
          0,
          0,
          0,
          8,
          49
        ]
      ]
    }
  }
}